name, email, pin
Sage Bailey,Eva.Balistreri@cicero.us,291
Jewel Purdy,Jairo@donavon.co.uk,576
Elisabeth Aufderhar,Nathaniel_Daniel@marlen.tv,717
Adam Medhurst,Khalil@annie.me,947
Savannah Kessler,Reuben_Spencer@estefania.biz,410
Alford Jones,Emmie.Torp@marge.name,218
Mr. Darian Schneider,Levi.Kuhic@emmie.tv,535
Alvah Wiza PhD,Destin.Weimann@effie.me,304
General Littel,Kelton.Hayes@lawrence.io,131
Amari Predovic,Jennyfer@daryl.us,688
Jamey Quigley DVM,Terry.Wilkinson@esmeralda.ca,193
Fae Braun DDS,Armani@belle.co.uk,117
Santa Christiansen,Matt_Miller@lenore.com,956
Obie Brekke,Elva@demario.net,635
Jaylin Thompson,Walton.Cruickshank@coralie.tv,490
Casper Ondricka,Mackenzie@henderson.info,7
Jasper Trantow,Lamont@rebeca.biz,175
Zelma West,Arnoldo_Schaden@tad.me,330
Santina Morar,Elvis.Hoeger@bridie.us,123
Carolyne Hirthe,Name@nelson.com,90
Althea Bayer,Bill@rubie.com,122
Grover Hettinger,Emilie_Toy@kathlyn.us,49
Dr. Travon Turcotte,Melvina_Dickinson@vincent.io,711
Omer Streich MD,Cory@oscar.net,557
Dr. Dale Frami,Kathleen@yasmin.biz,754
Evie Satterfield,Freda_Lind@louie.tv,477
Elissa Corwin,Naomie@tyra.net,796
Talon Hammes MD,Stewart.Schmidt@trisha.net,111
Norbert Lemke,Hannah.Daniel@ruby.io,867
Alessia Simonis,Madeline_Barrows@daisha.me,413
Ken Ankunding,Meaghan@ayden.ca,941
Frieda Bednar,Josefina@raquel.biz,64
Magali Huel,Trevion.Mills@narciso.biz,676
Rico Thompson,Linnie@mathias.info,757
Geraldine Langosh,Jo@coty.us,709
Karley Gerhold,Linda.Wehner@emiliano.co.uk,78
Anais Dickinson III,Emmalee.Stiedemann@nicklaus.co.uk,43
Marcelle Langworth,Ferne@joan.us,721
Noemie Stamm,Hillard@nicklaus.io,911
Lysanne Hoppe,Tyra@vito.name,62
River Hills,Juwan@dee.biz,942
Santos Rolfson,Vincent.Weimann@skye.net,853
Maureen Shields,Drew@geovanny.net,645
Golda Beer III,Alan.Fritsch@lauren.net,645
Catherine Kirlin,Garrick_Abbott@cody.biz,572
Nathaniel Anderson,Michael@oscar.tv,747
Gilberto Kerluke,Tobin@charles.co.uk,399
Dusty Krajcik,Kip.Dickinson@javier.biz,117
Buster Lang,Mireya@winston.info,174
Chelsie Lemke,Lucas.Herzog@therese.co.uk,264
Ms. Jude Purdy,Kattie@esther.name,28
Eugenia Heidenreich,Helene@astrid.biz,997
Kolby Ferry IV,Erin@liliane.biz,13
Cecile Reinger,Chelsie.Lind@lysanne.ca,816
Aurelia Gleason,Dulce@simone.info,870
Mrs. Odessa Konopelski,Reinhold.Grant@barrett.name,951
Ken Muller,Alexandrine@darien.co.uk,276
Pearline Murphy,Darwin@serenity.biz,347
Erin Kihn,Lowell@francesca.ca,165
Miss Frances Ankunding,Ulices@trisha.tv,963
Marisa Gleichner,Cruz_Kuhn@joy.io,142
Norbert Champlin III,Jordy@rubye.me,237
Justyn Upton,Euna_Davis@barbara.io,559
Mr. Maggie Labadie,Earlene_Smitham@thelma.com,274
Elbert Glover,Bernadette@martina.biz,37
Isabel Langworth PhD,Damian.Abshire@kiley.name,245
Isabelle VonRueden Jr.,Keagan@dedrick.name,322
Dr. Emile Rosenbaum,Marcella@julie.info,481
Stanton Botsford,Raina@clinton.name,619
Dolly Feeney,Aiden_Schaefer@carmel.tv,670
Oma Beahan,Mariano@paula.tv,250
Darrion Johnson,Miracle@liliana.com,255
Garth Huels V,Patience@leda.co.uk,835
Chet Hills II,Donna.Lesch@daniela.co.uk,951
Margarette Littel,Brenda.Prosacco@heber.biz,781
Alexandrine Schiller,Brown.Kling@jason.name,779
Concepcion Emmerich,Leda.Hudson@cara.biz,518
Mrs. Johnpaul Brown,Conrad.Cremin@tavares.tv,315
Aniyah Barrows,Alexane@daniela.tv,193
Okey Kohler PhD,Cordell@toy.biz,831
Bill Murray,Tamia_Reichert@zella.com,962
Allen O'Reilly,Jesus@joey.name,448
Ms. Bud Hoeger,Ila@freda.us,997
Kathryn Hettinger,Colleen@vincenza.name,566
Wilburn Johns DDS,Hank.Mraz@winfield.tv,31
Mrs. Al Herman,Alfredo@nya.ca,927
Hugh Stamm,Athena_Stehr@brenda.net,27
Junius Stark,Virginie_Parisian@antonio.biz,114
Ms. Marilou Goyette,Desiree@gilda.org,401
Jerad Sawayn,Ramiro_Hoeger@katlyn.tv,977
Geo Leannon,Ubaldo@duncan.me,986
Ms. Alisa Ledner,Carroll_VonRueden@susanna.org,491
Tamara Harris,Dino@jany.org,838
Sydni Hickle,Justyn@stefanie.us,696
Lester Volkman,Kade_Lang@mohammed.com,412
Melyssa Shanahan,Uriah_Schmidt@yasmeen.ca,927
Emmet Bayer Sr.,Blair_Lynch@daphnee.us,681
Mr. Eldridge Wisozk,Abbie@natalia.me,267
Fletcher Pfeffer,Deion.Koch@delta.biz,129
Quincy Effertz,Nikita_Blanda@jettie.tv,542
